{
  "till\u00e6g": 11.524592765313995,
  "h\u00e6gte": 10.93963026459284,
  "udsolgt": 9.93963026459284,
  "urene": 9.93963026459284,
  "skes\u00f8nn": 9.93963026459284,
  "arges": 9.93963026459284,
  "soldis": 9.93963026459284,
  "d\u00f8gent": 9.93963026459284,
  "wvil": 9.93963026459284,
  "naadekald": 9.93963026459284,
  "kraftbeviser": 9.93963026459284,
  "forarge\u00e9e": 9.93963026459284,
  "war": 9.93963026459284,
  "menneskekraft": 9.93963026459284,
  "signet": 9.93963026459284,
  "kirkeskikk": 9.93963026459284,
  "krabat": 9.93963026459284,
  "abenbare": 9.93963026459284,
  "tr\u00e6ngsl": 9.93963026459284,
  "egenk\u00e6rligheds": 9.93963026459284,
  "dydige": 9.93963026459284,
  "reff\u00e6rdig": 9.93963026459284,
  "modtoge": 9.93963026459284,
  "godheden": 9.93963026459284,
  "drivelse": 9.93963026459284,
  "\u00e9get": 9.93963026459284,
  "paaligge": 9.93963026459284,
  "v\u00e9e": 9.93963026459284,
  "v\u00e6rlig": 9.93963026459284,
  "kameler": 9.93963026459284,
  "ffterf\u00f8lger": 9.93963026459284,
  "bekjendelsen": 9.93963026459284,
  "syvfoldige": 9.93963026459284,
  "accepteree": 9.93963026459284,
  "lerstol": 9.93963026459284,
  "fvangelist": 9.93963026459284,
  "jordslagen": 9.93963026459284,
  "dujoikke": 9.93963026459284,
  "anst\u00f8d": 9.93963026459284,
  "fdret": 9.93963026459284,
  "dutt": 9.93963026459284,
  "februardagens": 9.93963026459284,
  "sommerfylde": 9.93963026459284,
  "sydsiden": 9.93963026459284,
  "vs": 9.93963026459284,
  "nem\u00e5ig": 9.93963026459284,
  "teatersal": 9.93963026459284,
  "g\u00f8god": 9.93963026459284,
  "protestm\u00f8de": 9.93963026459284,
  "staas": 9.93963026459284
}