{
  "Indre Mission": {
    "fremg\u00e5": 7.574796982757785,
    "d\u00f8v": 7.226873679337478,
    "berette": 6.918751383975146,
    "hensynsl\u00f8s": 6.918751383975146,
    "pr\u00e6dike": 6.904945584450116,
    "omtale": 6.786301087951497,
    "forkynde": 6.670175030835043,
    "hengive": 6.574796982757785,
    "forestilling": 6.574796982757785,
    "omtrent": 6.574796982757785,
    "evangelist": 6.574796982757785,
    "forkyndelse": 6.556181304590438,
    "hedningmission": 6.449266100673927,
    "udrette": 6.449266100673927,
    "male": 6.449266100673927,
    "fremme": 6.449266100673926,
    "sove": 6.449266100673926,
    "tilbud": 6.371263588672653,
    "spedalsk": 6.371263588672653,
    "sakrament": 6.33378888325399,
    "ev": 6.33378888325399,
    "midtpunkt": 6.33378888325399,
    "talent": 6.33378888325399,
    "\u00e5rsag": 6.311762576923991,
    "tor": 6.297263007228876,
    "anvende": 6.226873679337478,
    "testamente": 6.226873679337478,
    "forberede": 6.226873679337478,
    "forme": 6.127338005786564,
    "ap": 6.095629146059226,
    "linje": 6.034228601395082,
    "vejledning": 6.034228601395082,
    "herske": 6.034228601395082,
    "tillige": 6.034228601395082,
    "budskab": 5.963839273503685,
    "bevidst": 5.946765760144743,
    "uforskyldt": 5.946765760144743,
    "fattig": 5.8844814818904005,
    "skar": 5.86430359995277,
    "bund": 5.86430359995277,
    "tydeligt": 5.824775235766133,
    "galil\u00e6a": 5.786301087951497,
    "syndserkendelse": 5.786301087951497,
    "betro": 5.736548052754397,
    "formaning": 5.71230050650772,
    "kunne": 5.71230050650772,
    "opstanden": 5.71230050650772,
    "alvorligt": 5.71230050650772,
    "gentage": 5.664994791729363,
    "overtr\u00e6delsee": 5.641911178616322
  },
  "Kirkeligt Samfund": {
    "d\u00f8v": 6.739776337962832,
    "forkynde": 6.386987279370709,
    "gl\u00e6delig": 6.306816930686726,
    "pr\u00e6dike": 6.280344719325535,
    "epistel": 6.280344719325535,
    "t\u00e5le": 6.25434951079259,
    "gentage": 6.237275997433649,
    "forene": 6.154813837241676,
    "n\u00f8je": 5.891779431407882,
    "fort\u00e6llinge": 5.865307220046691,
    "rimelighed": 5.865307220046691,
    "overg\u00e5": 5.739776337962832,
    "p\u00e5skens": 5.739776337962832,
    "stamme": 5.739776337962832,
    "forud": 5.739776337962832,
    "s\u00e6tning": 5.739776337962832,
    "vanskelighed": 5.652313496712493,
    "lytte": 5.624299120542896,
    "spise": 5.624299120542896,
    "skabning": 5.56985133652052,
    "fort\u00e6lling": 5.543379125159329,
    "budskab": 5.5381424767931815,
    "pr\u00e6diken": 5.517383916626384,
    "fornuft": 5.517383916626384,
    "svag": 5.4767419321290385,
    "forkyndelse": 5.446994588734986,
    "visdom": 5.41784824307547,
    "evangelie": 5.399469713760615,
    "standse": 5.370542528297113,
    "r\u00f8ver": 5.324738838683988,
    "frig\u00f8re": 5.324738838683988,
    "had": 5.324738838683988,
    "enfoldig": 5.280344719325535,
    "f\u00f8lge": 5.280344719325535,
    "alvorlig": 5.280344719325535,
    "skrift": 5.280344719325535,
    "fuldbringe": 5.237275997433649,
    "evangelisk": 5.237275997433649,
    "frygte": 5.21621438190582,
    "l\u00e6se": 5.195455821739022,
    "indtog": 5.154813837241676,
    "tr\u00e6ldom": 5.154813837241676,
    "sprog": 5.154813837241676,
    "salt": 5.154813837241676,
    "kvinde": 5.154813837241676,
    "frihed": 5.154813837241676,
    "besk\u00e6ftige": 5.154813837241676,
    "beretning": 5.154813837241676,
    "mennesker": 5.154813837241676,
    "h\u00f8re": 5.13434973468196
  }
}