{
  "Indre Mission": {
    "usynlig": 7.408787031318856,
    "beredet": 6.894213858489098,
    "bestemmelse": 6.708347313177764,
    "udsende": 6.708347313177764,
    "urokkelig": 6.534317913402715,
    "synlig": 6.534317913402715,
    "r\u00f8ste": 6.534317913402715,
    "t\u00f8rste": 6.482787612762633,
    "menneskehed": 6.408787031318856,
    "sold": 6.358160958248888,
    "lod": 6.321324190068517,
    "pine": 6.29330981389892,
    "uvished": 6.238862029876544,
    "redning": 6.207153170149205,
    "v\u00e6gt": 6.1863946099824085,
    "fortvivlelse": 6.1863946099824085,
    "n\u00e5degave": 6.16085951787527,
    "l\u00f8n": 6.16085951787527,
    "salighed": 6.086858936431494,
    "fortabelse": 6.058289784234723,
    "sk\u00e6bne": 6.030275408065126,
    "enb\u00e5rne": 6.030275408065126,
    "herfra": 5.993749532040012,
    "k\u00f8n": 5.949355412681559,
    "festlig": 5.949355412681559,
    "forholde": 5.949355412681559,
    "besvare": 5.949355412681559,
    "evig": 5.885225075261843,
    "forg\u00e5": 5.8238245305977,
    "forl\u00f8sning": 5.8238245305977,
    "afslutte": 5.8238245305977,
    "hvo": 5.823824530597699,
    "befinde": 5.708347313177764,
    "chance": 5.708347313177764,
    "h\u00e5bl\u00f8shed": 5.708347313177764,
    "favne": 5.708347313177764,
    "liv": 5.706916067980132,
    "klang": 5.67182143715265,
    "frygtelig": 5.661553101698822,
    "straffe": 5.6014321092612525,
    "svinde": 5.6014321092612525,
    "frisk": 5.6014321092612525,
    "afg\u00f8re": 5.6014321092612525,
    "sejr": 5.560790124763906,
    "helvede": 5.560790124763906,
    "fortabt": 5.560790124763906,
    "m\u00e6tte": 5.534317913402715,
    "slette": 5.534317913402715,
    "tr\u00f8st": 5.50756518579703,
    "virksomhed": 5.5018964357103375
  },
  "Kirkeligt Samfund": {
    "genf\u00f8de": 7.0136625364765965,
    "vare": 6.772654436972802,
    "timelig": 6.4507263420854395,
    "bolig": 6.258081264143043,
    "fortabelse": 6.225166641670309,
    "p\u00e5skens": 6.151166060226531,
    "s\u00e6tning": 6.151166060226531,
    "kildee": 6.080776732335134,
    "vin": 6.063703218976192,
    "given": 6.063703218976192,
    "forg\u00e5": 5.949532199056881,
    "skjul": 5.928773638890084,
    "m\u00e6tte": 5.903238546782946,
    "lyst": 5.8948263069667455,
    "k\u00f8d": 5.871058141033796,
    "knytte": 5.8292379653391695,
    "forladelse": 5.775299158228365,
    "evig": 5.74420186148337,
    "storm": 5.736128560947688,
    "sikre": 5.718206652950426,
    "l\u00e6ngsel": 5.691734441589234,
    "rimelig": 5.691734441589234,
    "fryd": 5.691734441589234,
    "oprejse": 5.691734441589234,
    "beholde": 5.691734441589234,
    "urokkelig": 5.691734441589234,
    "virkeligt": 5.691734441589234,
    "h\u00f8jre": 5.566203559505375,
    "t\u00f8rste": 5.566203559505375,
    "fyrste": 5.566203559505375,
    "liv": 5.543119946392334,
    "hvile": 5.532256227582038,
    "ligegyldig": 5.507309870451807,
    "forargelse": 5.4507263420854395,
    "tr\u00e6t": 5.4507263420854395,
    "befri": 5.414200466060326,
    "egn": 5.414200466060326,
    "undergang": 5.414200466060326,
    "drikke": 5.414200466060326,
    "opstandelse": 5.359752682037949,
    "savn": 5.3438111381689275,
    "v\u00e6sentlig": 5.3438111381689275,
    "igennem": 5.3438111381689275,
    "hverdag": 5.3438111381689275,
    "salighed": 5.3438111381689275,
    "bekendt": 5.244275464618013,
    "trone": 5.244275464618013,
    "sk\u00e6nke": 5.212566604890675,
    "kl\u00e6de": 5.212566604890675,
    "punkt": 5.212566604890675
  }
}