{
  "Indre Mission": {
    "drivelse": 10.66382068114434,
    "krybeniskjul": 10.66382068114434,
    "ffterf\u00f8lger": 10.66382068114434,
    "indleve": 10.66382068114434,
    "ihukommelse": 10.66382068114434,
    "jort": 10.66382068114434,
    "taling": 10.66382068114434,
    "reff\u00e6rdig": 10.66382068114434,
    "kildespringet": 10.66382068114434,
    "hovedstad": 10.66382068114434,
    "a\u00f8d": 10.66382068114434,
    "pr\u00e6dik": 10.66382068114434,
    "wvil": 10.66382068114434,
    "teatersal": 10.66382068114434,
    "besejrer": 10.66382068114434,
    "livgivende": 10.66382068114434,
    "hjerteager": 10.66382068114434,
    "dydige": 10.66382068114434,
    "levne": 10.66382068114434,
    "v\u00e6rlig": 10.66382068114434,
    "trivillig": 10.66382068114434,
    "anst\u00f8d": 10.66382068114434,
    "v\u00e9e": 10.66382068114434,
    "secunda": 10.66382068114434,
    "sludder": 10.66382068114434,
    "kameler": 10.66382068114434,
    "paaligge": 10.66382068114434,
    "k\u00e6rligste": 10.66382068114434,
    "\u00e5ngeren": 10.66382068114434,
    "urene": 10.66382068114434,
    "dujoikke": 10.66382068114434,
    "mana": 10.66382068114434,
    "nem\u00e5ig": 10.66382068114434,
    "menneskekraft": 10.66382068114434,
    "spaltningslinie": 10.66382068114434,
    "smukke": 10.66382068114434,
    "war": 10.66382068114434,
    "godheden": 10.66382068114434,
    "naadekald": 10.66382068114434,
    "kuldegys": 10.66382068114434,
    "krabat": 10.66382068114434,
    "forstanderens": 10.66382068114434,
    "brask": 10.66382068114434,
    "lerstol": 10.66382068114434,
    "forskaffe": 10.66382068114434,
    "protestm\u00f8de": 10.66382068114434,
    "kj\u00e6rli": 10.66382068114434,
    "vaarbrud": 10.66382068114434,
    "bhr\u00e6nde": 10.66382068114434,
    "magthaver": 10.66382068114434
  },
  "Kirkeligt Samfund": {
    "till\u00e6g": 10.67638071343271,
    "h\u00e6gte": 10.091418212711554,
    "undervurdere": 10.091418212711554,
    "accepteree": 9.091418212711554,
    "divisioner": 9.091418212711554,
    "tilintetgjore": 9.091418212711554,
    "sommerfylde": 9.091418212711554,
    "tr\u00e6ngsl": 9.091418212711554,
    "d\u00f8gent": 9.091418212711554,
    "virkelighedsn\u00e6r": 9.091418212711554,
    "hovedtanke": 9.091418212711554,
    "skumring": 9.091418212711554,
    "frugtesl\u00f8s": 9.091418212711554,
    "himmelh\u00f8j": 9.091418212711554,
    "menneskemaal": 9.091418212711554,
    "regimenter": 9.091418212711554,
    "sum": 9.091418212711554,
    "forarge\u00e9e": 9.091418212711554,
    "keligt": 9.091418212711554,
    "kraftbeviser": 9.091418212711554,
    "dein": 9.091418212711554,
    "hevangeliet": 9.091418212711554,
    "\u00e6tiopien": 9.091418212711554,
    "arges": 9.091418212711554,
    "udrakt": 9.091418212711554,
    "spiller": 9.091418212711554,
    "jordslagen": 9.091418212711554,
    "vogter": 9.091418212711554,
    "venneflok": 9.091418212711554,
    "knopsk\u00e6llene": 9.091418212711554,
    "f\u00e6nge": 9.091418212711554,
    "h\u00e6ng": 9.091418212711554,
    "plomstre": 9.091418212711554,
    "staas": 9.091418212711554,
    "overvinder": 9.091418212711554,
    "husk": 9.091418212711554,
    "angstfyldte": 9.091418212711554,
    "syvfoldige": 9.091418212711554,
    "m\u00f8rketiden": 9.091418212711554,
    "egenk\u00e6rligheds": 9.091418212711554,
    "foruette": 9.091418212711554,
    "afgudsaltrene": 9.091418212711554,
    "fjerneset": 9.091418212711554,
    "kirkeskikk": 9.091418212711554,
    "alteret": 9.091418212711554,
    "sydsiden": 9.091418212711554,
    "beviset": 9.091418212711554,
    "uomst\u00f8deligt": 9.091418212711554,
    "sjren": 9.091418212711554,
    "nattevageter": 9.091418212711554
  }
}