{
  "1914": {
    "menneske\u00f8jne": 10.507936184966129,
    "par": 10.507936184966129,
    "forkyndelse": 10.507936184966129,
    "kunne": 10.507936184966129,
    "bekjendelsen": 10.507936184966129,
    "dujoikke": 10.507936184966129,
    "anst\u00f8d": 10.507936184966129,
    "udrette": 10.507936184966129,
    "ffterf\u00f8lger": 10.507936184966129,
    "kj\u00e6rli": 10.507936184966129,
    "k\u00f8er": 10.507936184966129,
    "mana": 10.507936184966129,
    "heste": 10.507936184966129,
    "kameler": 10.507936184966129,
    "dj\u00e6velens": 9.507936184966129,
    "spurv": 9.507936184966129,
    "glad": 9.507936184966129,
    "opfylde": 9.507936184966129,
    "gavne": 9.507936184966129,
    "rask": 9.507936184966129,
    "alvorligt": 9.186008090078765,
    "t": 8.922973684244973,
    "flod": 8.922973684244973,
    "n\u00e6rmest": 8.922973684244973,
    "budskab": 8.922973684244973,
    "tal": 8.507936184966129,
    "minde": 8.507936184966129,
    "sidst": 8.186008090078765,
    "miste": 7.807496466825036,
    "trods": 7.700581262908524,
    "kristi": 7.700581262908524,
    "dyr": 7.700581262908524,
    "salt": 7.700581262908524,
    "omsorg": 7.507936184966128,
    "evangelium": 7.507936184966128,
    "billede": 7.3380111835238155,
    "mulig": 7.3380111835238155,
    "rette": 7.3380111835238155,
    "elske": 7.04850456632883,
    "vinde": 7.04850456632883,
    "falde": 6.9229736842449725,
    "mennesk": 6.9229736842449725,
    "begynde": 6.9229736842449725,
    "livet": 6.807496466825036,
    "kors": 6.60104558935761,
    "d\u00f8d": 6.2600086715225425,
    "b\u00e6re": 6.186008090078766,
    "s\u00e6tte": 6.04850456632883,
    "jesu": 5.649955189838556,
    "liv": 5.186008090078766
  },
  "1918-1919": {
    "nm": 11.258958550567879,
    "venneflok": 11.258958550567879,
    "hjerteager": 11.258958550567879,
    "modtagelig": 11.258958550567879,
    "\u00e5ngeren": 11.258958550567879,
    "ligedannet": 11.258958550567879,
    "luften": 11.258958550567879,
    "kildespringet": 11.258958550567879,
    "vogter": 11.258958550567879,
    "bhr\u00e6nde": 11.258958550567879,
    "spare": 11.258958550567879,
    "l\u00e6s": 11.258958550567879,
    "\u00f8ren": 11.258958550567879,
    "brev": 10.258958550567879,
    "vintr\u00e6et": 10.258958550567879,
    "angeren": 10.258958550567879,
    "udtalelse": 10.258958550567879,
    "haabet": 10.258958550567879,
    "derude": 10.258958550567879,
    "delvis": 10.258958550567879,
    "navnlig": 9.673996049846723,
    "arv": 9.258958550567879,
    "stemme": 9.258958550567879,
    "dlive": 9.258958550567879,
    "lytte": 8.937030455680516,
    "fuldt": 8.937030455680516,
    "ev": 8.937030455680516,
    "bevare": 8.673996049846723,
    "mark": 8.673996049846723,
    "rom": 8.258958550567879,
    "israel": 8.258958550567879,
    "udtryk": 8.258958550567879,
    "vokse": 8.089033549125565,
    "troens": 7.937030455680516,
    "bo": 7.5585188324267865,
    "omvende": 7.5585188324267865,
    "bruge": 7.3520679549593595,
    "forstaa": 7.3520679549593595,
    "aandelig": 7.089033549125566,
    "enkelt": 7.089033549125566,
    "bygge": 7.089033549125566,
    "finde": 6.937030455680516,
    "ligne": 6.937030455680516,
    "s\u00f8n": 6.799526931930581,
    "johannes": 6.673996049846722,
    "bod": 6.5585188324267865,
    "stille": 6.258958550567878,
    "vorherre": 6.214564431209425,
    "lyde": 6.171495709317539,
    "navn": 5.799526931930581
  },
  "1931-1933": {
    "indoptage": 10.75142994138446,
    "taling": 10.75142994138446,
    "sv\u00f8be": 10.75142994138446,
    "svinge": 10.75142994138446,
    "dein": 10.75142994138446,
    "tekster": 10.75142994138446,
    "meddelagtig": 10.75142994138446,
    "dike": 10.75142994138446,
    "opm\u00e6rksomheden": 10.75142994138446,
    "aabenbaredes": 10.75142994138446,
    "elleve": 10.75142994138446,
    "war": 10.75142994138446,
    "sk\u00f8nsomhed": 10.75142994138446,
    "stlore": 10.75142994138446,
    "kynd": 10.75142994138446,
    "forkynd": 10.75142994138446,
    "nem\u00e5ig": 10.75142994138446,
    "drama": 10.75142994138446,
    "beretningers": 10.75142994138446,
    "gunst": 10.75142994138446,
    "tilgrundliggende": 10.75142994138446,
    "udt\u00f8mme": 10.75142994138446,
    "s\u00e6tter": 10.75142994138446,
    "digte": 10.75142994138446,
    "spaltningslinie": 10.75142994138446,
    "resten": 10.75142994138446,
    "synden\u00f8d": 9.75142994138446,
    "f\u00e6stne": 9.75142994138446,
    "frelses": 9.75142994138446,
    "trylleformular": 9.75142994138446,
    "nyhed": 9.75142994138446,
    "bende": 9.75142994138446,
    "meninge": 9.75142994138446,
    "redelighed": 9.75142994138446,
    "brede": 9.75142994138446,
    "skabning": 9.429501846497098,
    "f\u00f8relse": 9.166467440663304,
    "forkyndels": 9.166467440663304,
    "forkynder": 9.166467440663304,
    "anger": 9.166467440663304,
    "aarsag": 9.166467440663304,
    "v\u00e6rdighed": 9.166467440663304,
    "besvare": 9.166467440663304,
    "afgrunde": 9.166467440663304,
    "dernes": 8.75142994138446,
    "sk\u00e6re": 8.75142994138446,
    "pause": 8.75142994138446,
    "herolden": 8.75142994138446,
    "gl\u00e6delig": 8.581504939942148,
    "rumme": 8.429501846497098
  },
  "1940-1945": {
    "till\u00e6g": 10.900988861990733,
    "h\u00e6gte": 10.316026361269577,
    "v\u00e6rlig": 9.316026361269577,
    "vaarbrud": 9.316026361269577,
    "sludder": 9.316026361269577,
    "krabat": 9.316026361269577,
    "\u00e6tiopien": 9.316026361269577,
    "arges": 9.316026361269577,
    "lugt": 9.316026361269577,
    "hidsig": 9.316026361269577,
    "undervurdere": 9.316026361269577,
    "a\u00f8d": 9.316026361269577,
    "tr\u00e6ngsl": 9.316026361269577,
    "restriktioner": 9.316026361269577,
    "foruette": 9.316026361269577,
    "sommerfylde": 9.316026361269577,
    "fdret": 9.316026361269577,
    "form\u00f8rke": 9.316026361269577,
    "m\u00f8nte": 9.316026361269577,
    "menneskekraft": 9.316026361269577,
    "naadekald": 9.316026361269577,
    "fvangelist": 9.316026361269577,
    "smukke": 9.316026361269577,
    "ellermest": 9.316026361269577,
    "livsen": 9.316026361269577,
    "efterfulge": 9.316026361269577,
    "afgudsaltrene": 9.316026361269577,
    "plomstre": 9.316026361269577,
    "fjerneset": 9.316026361269577,
    "angstfyldte": 9.316026361269577,
    "urene": 9.316026361269577,
    "menneskemaal": 9.316026361269577,
    "v\u00e9e": 9.316026361269577,
    "g\u00f8god": 9.316026361269577,
    "egenk\u00e6rligheds": 9.316026361269577,
    "hevangeliet": 9.316026361269577,
    "dr\u00f8j": 9.316026361269577,
    "n\u00f8jelse": 9.316026361269577,
    "regimenter": 9.316026361269577,
    "galaterne": 9.316026361269577,
    "divisioner": 9.316026361269577,
    "staas": 9.316026361269577,
    "tilintetgjore": 9.316026361269577,
    "frugtesl\u00f8s": 9.316026361269577,
    "f\u00f8rladelse": 9.316026361269577,
    "kirkeskikk": 9.316026361269577,
    "himmelh\u00f8j": 9.316026361269577,
    "forskaffe": 9.316026361269577,
    "belyse": 9.316026361269577,
    "februardagens": 9.316026361269577
  },
  "1961-1963": {
    "haardttrukken": 11.586323777439173,
    "b\u00f8nder": 11.586323777439173,
    "vs": 11.586323777439173,
    "diskutabel": 11.586323777439173,
    "staveligt": 11.586323777439173,
    "vildledning": 11.586323777439173,
    "accepteree": 11.586323777439173,
    "fredeligt": 11.586323777439173,
    "\u00f8m": 11.586323777439173,
    "startsignal": 11.586323777439173,
    "h\u00e6der": 11.586323777439173,
    "tier": 11.586323777439173,
    "krybeniskjul": 11.586323777439173,
    "anbringe": 11.586323777439173,
    "g\u00e6ngs": 11.586323777439173,
    "soldis": 11.586323777439173,
    "go": 11.586323777439173,
    "bel\u00e6ring": 11.586323777439173,
    "hosianna": 10.586323777439173,
    "korin": 10.586323777439173,
    "sejrsgang": 10.586323777439173,
    "udspringe": 10.586323777439173,
    "overrumple": 10.586323777439173,
    "antagelig": 10.586323777439173,