{
  "Indre Mission": {
    "folkekirke": 7.757978080902364,
    "dansk": 7.421759328464608,
    "sk\u00e6bne": 7.173015580181208,
    "nazareth": 7.095847719658748,
    "bes\u00f8gelsestid": 7.0254583917673505,
    "julegl\u00e6de": 6.829061178963847,
    "israel": 6.740056172905102,
    "bes\u00f8ge": 6.504221488656581,
    "styre": 6.4404958910461945,
    "belejlig": 6.414023679685003,
    "rigdomm": 6.362493379044921,
    "v\u00e6kkelse": 6.32913478209849,
    "bygning": 6.288492797601144,
    "mos": 6.288492797601144,
    "forh\u00e6rde": 6.288492797601144,
    "forl\u00f8se": 6.288492797601144,
    "folke": 6.229599108547576,
    "folk": 6.185204989189122,
    "r\u00e6dsel": 6.173015580181208,
    "midtpunkt": 6.173015580181208,
    "skjult": 6.118567796158832,
    "fornyelse": 6.040565284157559,
    "danmark": 6.036105635966859,
    "ansvar": 5.995711048373298,
    "udvalgte": 5.966564702713781,
    "folkeslag": 5.909981174347414,
    "del": 5.909981174347414,
    "betragte": 5.8555333903250375,
    "gerne": 5.829061178963847,
    "anklage": 5.829061178963847,
    "ulydig": 5.829061178963847,
    "fremtid": 5.803065970430902,
    "bitterhed": 5.785992457071961,
    "moralsk": 5.785992457071961,
    "\u00e5g": 5.785992457071961,
    "rest": 5.785992457071961,
    "ang\u00e5": 5.764930841544131,
    "pagt": 5.752439897360935,
    "fjendeskab": 5.703530296879988,
    "ivrigt": 5.703530296879988,
    "herhjemme": 5.703530296879988,
    "pr\u00e6dikant": 5.703530296879988,
    "utallig": 5.703530296879988,
    "behagelig": 5.703530296879988,
    "sodoma": 5.703530296879988,
    "snakke": 5.703530296879988,
    "indeholde": 5.703530296879988,
    "tugt": 5.703530296879988,
    "profet": 5.689455111668265,
    "pleje": 5.64463660782642
  },
  "Kirkeligt Samfund": {
    "pagt": 7.410198535502829,
    "mods\u00e6tning": 7.295555969561707,
    "hedensk": 7.198694430309117,
    "h\u00e6nde": 7.172699221776173,
    "v\u00e6kst": 6.783656931030273,
    "stemme": 6.751235453337896,
    "folk": 6.705654419029,
    "bes\u00f8gelsestid": 6.658126048946414,
    "israel": 6.570663207696075,
    "n\u00e5e": 6.435733627609967,
    "arv": 6.3361979540590525,
    "grundtvigsk": 6.198694430309117,
    "samtale": 6.198694430309117,
    "\u00e6ndre": 6.198694430309117,
    "evangelisk": 6.155625708417231,
    "kongee": 6.117557667583712,
    "bar": 6.073163548225258,
    "sprog": 6.073163548225258,
    "m\u00e6ngde": 6.073163548225258,
    "n\u00e6rhed": 6.073163548225258,
    "afgrund": 6.073163548225258,
    "stamme": 6.073163548225258,
    "by": 6.073163548225258,
    "live": 6.073163548225258,
    "abraham": 6.073163548225258,
    "savne": 5.9576863308053225,
    "spise": 5.9576863308053225,
    "afg\u00f8re": 5.9576863308053225,
    "kommen": 5.9576863308053225,
    "ang\u00e5": 5.9576863308053225,
    "fortjene": 5.9576863308053225,
    "land": 5.903238546782946,
    "fordel": 5.8507711268888105,
    "opfyld": 5.8507711268888105,
    "ethvert": 5.8507711268888105,
    "g\u00e5e": 5.8507711268888105,
    "udvikling": 5.8507711268888105,
    "afh\u00e6ngig": 5.8507711268888105,
    "dansk": 5.805683237360273,
    "natur": 5.770600778204827,
    "mor": 5.751235453337896,
    "spot": 5.751235453337896,
    "danmark": 5.751235453337896,
    "sk\u00e6bne": 5.719526593610558,
    "gr\u00e6de": 5.703929738559539,
    "gr\u00e5d": 5.658126048946414,
    "gode": 5.658126048946414,
    "oprejst": 5.658126048946414,
    "fremtid": 5.622502139215693,
    "lejlighed": 5.488201047504102
  }
}