{
  "Indre Mission": {
    "glip": 6.362033262619114,
    "r\u00f8ver": 6.336498170511977,
    "uforskyldt": 6.197402560846315,
    "henvende": 6.124994065318265,
    "modtagelse": 6.09899885678532,
    "forl\u00f8se": 5.999463183234406,
    "tilegne": 5.747924416238441,
    "opstanden": 5.721929207705497,
    "se": 5.709956566039421,
    "gennemf\u00f8re": 5.709956566039421,
    "opfordring": 5.709956566039421,
    "tilfredsstille": 5.709956566039421,
    "fortabelse": 5.684589845880994,
    "grundvold": 5.645826228619705,
    "vejledning": 5.584425683955562,
    "herhjemme": 5.584425683955562,
    "udvej": 5.584425683955562,
    "form\u00e5": 5.520295346535846,
    "\u00e6gteskab": 5.514036356064164,
    "trov\u00e6rdig": 5.514036356064164,
    "forl\u00f8sning": 5.514036356064164,
    "midtpunkt": 5.468948466535626,
    "fortjene": 5.441467730113518,
    "sammenligne": 5.41450068251325,
    "hedning": 5.39679868077979,
    "afgrund": 5.3827918227859115,
    "sandt": 5.362033262619114,
    "s\u00e6nke": 5.362033262619114,
    "josef": 5.362033262619114,
    "salighed": 5.349960430318539,
    "sn\u00e6ver": 5.336498170511977,
    "fors\u00f8g": 5.3213912781217685,
    "fortabe": 5.2979029251993985,
    "smule": 5.262497589068199,
    "st\u00f8rre": 5.262497589068199,
    "tim": 5.262497589068199,
    "hisse": 5.262497589068199,
    "ford\u00f8mmelsee": 5.262497589068199,
    "tryghed": 5.205914060701832,
    "forsoning": 5.192108261176802,
    "fjende": 5.169388184676718,
    "herfra": 5.169388184676718,
    "sj\u00e6le": 5.169388184676718,
    "l\u00f8n": 5.1438530925695805,
    "bind": 5.124994065318265,
    "m\u00f8rkets": 5.124994065318265,
    "lamme": 5.124994065318265,
    "p\u00e5kalde": 5.124994065318265,
    "uretf\u00e6rdighed": 5.124994065318265,
    "udbrede": 5.124994065318265
  },
  "Kirkeligt Samfund": {
    "fuldbringe": 6.713237720993432,
    "fortabe": 6.697889756659996,
    "erkendelse": 6.341268943606474,
    "g\u00f8re": 6.308847465914097,
    "fortabelse": 6.289738642966393,
    "offer": 6.07823453777268,
    "jeriko": 5.993345640186168,
    "frelse": 5.873345864075538,
    "kommen": 5.837226438268885,
    "arm": 5.8007005622437715,
    "frig\u00f8re": 5.8007005622437715,
    "zak\u00e6us": 5.8007005622437715,
    "\u00e5benbaring": 5.756306442885318,
    "bringe": 5.713237720993432,
    "forg\u00e5": 5.692176105465602,
    "opstanden": 5.630775560801459,
    "allermest": 5.630775560801459,
    "oplevelse": 5.630775560801459,
    "afgrund": 5.630775560801459,
    "frelser": 5.576327776779083,
    "ondt": 5.552773048800186,
    "forstod": 5.552773048800186,
    "n\u00e6rmere": 5.552773048800186,
    "forn\u00e6gte": 5.552773048800186,
    "n\u00f8dvendighed": 5.515298343381523,
    "selve": 5.515298343381523,
    "yderst": 5.515298343381523,
    "udf\u00f8re": 5.515298343381523,
    "udfolde": 5.515298343381523,
    "streng": 5.515298343381523,
    "hint": 5.515298343381523,
    "n\u00e5dig": 5.499531027523207,
    "befri": 5.47877246735641,
    "religi\u00f8s": 5.468504131902582,
    "forkr\u00e6nkelighed": 5.408383139465012,
    "afh\u00e6ngig": 5.408383139465012,
    "danne": 5.408383139465012,
    "udg\u00e5": 5.408383139465012,
    "bero": 5.408383139465012,
    "umulig": 5.374435807541674,
    "guddommelig": 5.308847465914097,
    "betydning": 5.308847465914097,
    "sag": 5.28500072395973,
    "ild": 5.2771386061867585,
    "barmhjertig": 5.2771386061867585,
    "bedere": 5.2771386061867585,
    "forladelse": 5.254908658803293,
    "ydmyg": 5.215738061522615,
    "r\u00f8ver": 5.215738061522615,
    "st\u00f8v": 5.215738061522615
  }
}