{
  "Indre Mission": {
    "arving": 5.339692094864712,
    "alm\u00e6gtig": 5.16734035602786,
    "velbehag": 5.059584175671977,
    "lam": 5.046645119964478,
    "enb\u00e5rne": 5.043642631802955,
    "vrede": 4.9891948477805785,
    "godhed": 4.977369412383789,
    "samvirke": 4.93030115872701,
    "tempel": 4.919653914527502,
    "rige": 4.911474635954531,
    "d\u00e5rskab": 4.898592298999672,
    "behage": 4.837191754335529,
    "uudsigelig": 4.730276550419017,
    "bestemme": 4.730276550419017,
    "s\u00f8g": 4.699688230585593,
    "barmhjertighed": 4.644546676393133,
    "fryde": 4.630740876868102,
    "plan": 4.6230669489826814,
    "ville": 4.602726500698505,
    "udvalgte": 4.602726500698505,
    "\u00e5syn": 4.589264240891943,
    "v\u00e6lde": 4.581934699093455,
    "fortryde": 4.574157348501735,
    "opdragelse": 4.574157348501735,
    "n\u00e5dig": 4.567102590967784,
    "tilskynde": 4.537631472476621,
    "oph\u00f8je": 4.526851633723378,
    "barn": 4.515728370368882,
    "finger": 4.515263659448166,
    "v\u00e6rn": 4.515263659448166,
    "retf\u00e6rdigg\u00f8re": 4.4961548365004615,
    "rustning": 4.489268450915222,
    "usynlig": 4.4746216749508205,
    "fastholde": 4.458680131081799,
    "gr\u00e6nse": 4.451901598450736,
    "afstand": 4.450168631226282,
    "adgang": 4.450168631226282,
    "n\u00e5demiddel": 4.422154255056685,
    "straffee": 4.422154255056685,
    "str\u00f8m": 4.422154255056685,
    "lovprisning": 4.422154255056685,
    "fremgang": 4.422154255056685,
    "tilskyndelse": 4.422154255056685,
    "herligg\u00f8re": 4.410926999633431,
    "gode": 4.409770530600853,
    "prise": 4.399070641943644,
    "n\u00e5de": 4.39632258672466,
    "julenat": 4.389732777364308,
    "s\u00f8n": 4.385660241023,
    "tryghed": 4.384679549638022
  },
  "Kirkeligt Samfund": {
    "n\u00e5dig": 5.165902059422409,
    "skjule": 5.1560318153983475,
    "kejser": 5.114555179422188,
    "alm\u00e6gtig": 5.015019505871274,
    "hverdag": 5.007639975505676,
    "forbarme": 4.982104883398539,
    "rige": 4.96381373454105,
    "plan": 4.908104301954762,
    "e": 4.908104301954762,
    "miskundhed": 4.908104301954762,
    "godhed": 4.908104301954762,
    "vilje": 4.80118909803825,
    "velbehag": 4.792627084534826,
    "barmhjertighed": 4.78781006823705,
    "ansigt": 4.77685976867651,
    "n\u00e5de": 4.764314515357396,
    "frelst": 4.727532056312941,
    "afg\u00f8re": 4.667096202450967,
    "spurv": 4.645069896120968,
    "barmhjertig": 4.632469859341335,
    "\u00e5benbaring": 4.618597684759777,
    "\u00e6gte": 4.618597684759777,
    "rimelighed": 4.618597684759777,
    "s\u00f8n": 4.550210709779527,
    "r\u00e5de": 4.5388704922890435,
    "betingelse": 4.529592678701032,
    "fortjene": 4.529592678701032,
    "paradis": 4.521081178845515,
    "vold": 4.509554925464487,
    "pagt": 4.501479042492119,
    "falden": 4.493066802675918,
    "oplyse": 4.448672683317465,
    "adgang": 4.448672683317465,
    "oven": 4.448672683317465,
    "h\u00f8jre": 4.438619018653542,
    "": 4.42267747478452,
    "bero": 4.42267747478452,
    "udg\u00e5": 4.42267747478452,
    "herlig": 4.377589585255983,
    "k\u00e6rlig": 4.377589585255983,
    "tryg": 4.377589585255983,
    "arbejde": 4.3742806502254075,
    "v\u00e6ldig": 4.355563278925984,
    "takke": 4.347389347480283,
    "tak": 4.341063709230869,
    "forunderlig": 4.323141801233606,
    "tilbede": 4.323141801233606,
    "due": 4.323141801233606,
    "m\u00f8des": 4.323141801233606,
    "forene": 4.323141801233606
  }
}