{
  "Indre Mission": {
    "borger": 7.4752613092068705,
    "krone": 7.43729345900785,
    "stige": 7.289394763895537,
    "helvede": 7.262852976443045,
    "\u00e5ben": 7.1241355737482195,
    "menneskes\u00f8n": 6.71230050650772,
    "jordeliv": 6.700327864841644,
    "sky": 6.657259142949758,
    "\u00e6rligt": 6.5747969827577855,
    "jord": 6.505000015803015,
    "given": 6.479639749717445,
    "have": 6.459319765337849,
    "jorde": 6.43729345900785,
    "berede": 6.352404561421337,
    "skaber": 6.3268694693142,
    "forg\u00e5": 6.311762576923991,
    "engel": 6.311762576923991,
    "tilh\u00f8re": 6.289394763895537,
    "oph\u00f8jet": 6.252868887870423,
    "\u00e5b": 6.252868887870423,
    "\u00e5bne": 6.1597594834789415,
    "tilv\u00e6relse": 6.115365364120488,
    "k\u00f8n": 6.115365364120488,
    "absolut": 6.115365364120488,
    "udbrede": 6.115365364120488,
    "alm\u00e6gtig": 6.030476466533975,
    "leve": 5.989834482036629,
    "deltage": 5.989834482036629,
    "krybbe": 5.989834482036629,
    "bjerget": 5.989834482036629,
    "str\u00e6be": 5.989834482036629,
    "genkomst": 5.989834482036629,
    "ligegyldig": 5.9898344820366285,
    "\u00e5rhundrede": 5.874357264616693,
    "f\u00e6dreland": 5.874357264616693,
    "hernede": 5.874357264616693,
    "usigelig": 5.874357264616693,
    "vilk\u00e5r": 5.874357264616693,
    "himmel": 5.8452762007527435,
    "pet": 5.837831388591579,
    "lyd": 5.837831388591579,
    "port": 5.837831388591579,
    "s\u00e5danne": 5.837831388591579,
    "mose": 5.819909480594316,
    "forringe": 5.767442060700181,
    "frisk": 5.767442060700181,
    "br\u00e6ndende": 5.700327864841644,
    "eders": 5.690274200177721,
    "d\u00e5rligt": 5.667906387149267,
    "satans": 5.667906387149267
  },
  "Kirkeligt Samfund": {
    "\u00e5ben": 7.849785342743255,
    "\u00e5bn": 7.390353724105958,
    "skat": 7.149345624602163,
    "fugl": 7.042430420685651,
    "opad": 6.9753162248271146,
    "besk\u00e6ftige": 6.849785342743255,
    "stige": 6.849785342743255,
    "engel": 6.762322501492916,
    "given": 6.762322501492916,
    "forg\u00e5": 6.6481514815736045,
    "jord": 6.6087772432394605,
    "sort": 6.5867509369094615,
    "nazareth": 6.527857247855893,
    "stemme": 6.527857247855893,
    "tr\u00e6": 6.423520588041157,
    "sky": 6.416825935467148,
    "stemning": 6.390353724105958,
    "kronee": 6.347285002214072,
    "port": 6.326223386686243,
    "h\u00f8jre": 6.264822842022099,
    "underfuld": 6.264822842022099,
    "bo": 6.264822842022099,
    "blik": 6.264822842022099,
    "\u00e5bne": 6.217517127243742,
    "m\u00e6tte": 6.186820330020826,
    "slukke": 6.186820330020826,
    "stjerne": 6.149345624602163,
    "bolig": 6.149345624602163,
    "fryde": 6.149345624602163,
    "menneskes\u00f8n": 6.094897840579787,
    "mer": 6.094897840579787,
    "p\u00e5skemorge": 6.042430420685651,
    "d\u00f8ber": 6.042430420685651,
    "m\u00f8des": 6.042430420685651,
    "blod": 6.042430420685651,
    "fornemme": 5.9753162248271146,
    "guddommelig": 5.942894747134737,
    "trone": 5.942894747134737,
    "r\u00e5d": 5.911185887407399,
    "st\u00f8v": 5.849785342743255,
    "gr\u00e5d": 5.849785342743255,
    "himmel": 5.79351712309651,
    "gr\u00e6nse": 5.779396014851858,
    "opstand": 5.762322501492916,
    "k\u00e6r": 5.679860341300943,
    "fjern": 5.679860341300943,
    "sommer": 5.679860341300943,
    "direkte": 5.679860341300943,
    "vandre": 5.679860341300943,
    "r\u00e5be": 5.627392921406807
  }
}