{
  "Indre Mission": {
    "pilatus": 5.693178066099544,
    "nazareth": 5.413070146906809,
    "f\u00f8dsel": 5.413070146906809,
    "disciple": 5.275566623156874,
    "mild": 5.172062047403014,
    "frelsergerning": 5.150035741073015,
    "skyldner": 5.150035741073015,
    "skar": 5.150035741073015,
    "bind": 5.123563529711824,
    "undergerning": 5.1135098650479005,
    "genf\u00f8de": 5.065146843486502,
    "v\u00e6rkbruden": 5.034558523653079,
    "tolder": 5.020752724128049,
    "ford\u00f8mmelsee": 4.965611169935587,
    "henvende": 4.9536385282695115,
    "navn": 4.9283984597909125,
    "simon": 4.922083794394666,
    "lazarus": 4.910569806377626,
    "discipel": 4.844049190054674,
    "bjerget": 4.828107646185653,
    "vorherre": 4.828107646185653,
    "fuldbragte": 4.791581770160539,
    "salige": 4.775640226291517,
    "bjergpr\u00e6diken": 4.775640226291517,
    "modtagelse": 4.775640226291517,
    "gerne": 4.760993450327116,
    "erhverve": 4.760993450327116,
    "forarge": 4.734998241794171,
    "l\u00e6gedom": 4.734998241794171,
    "johannes": 4.727178737334872,
    "trov\u00e6rdig": 4.721192442269141,
    "martha": 4.721192442269141,
    "sindelag": 4.702576764101794,
    "rask": 4.676104552740603,
    "\u00e5b": 4.676104552740602,
    "bryllup": 4.676104552740602,
    "kapernaum": 4.635462568243257,
    "n\u00e6st": 4.624574252100521,
    "kristus": 4.609061252729196,
    "oprejse": 4.605715224849205,
    "opstand": 4.605715224849205,
    "forringe": 4.605715224849205,
    "forsamle": 4.605715224849205,
    "redning": 4.589947908990888,
    "baggrund": 4.589947908990888,
    "person": 4.582995148349121,
    "tillige": 4.582995148349121,
    "opstandelse": 4.573534819100055,
    "uvished": 4.565073240351859,
    "sammenligne": 4.565073240351859
  },
  "Kirkeligt Samfund": {
    "samtale": 6.1365462709537555,
    "zak\u00e6us": 5.7334814133409875,
    "pilatus": 5.689087293982534,
    "navn": 5.604874290079449,
    "modstander": 5.595977889591053,
    "nazareth": 5.5370842005374845,
    "forestilling": 5.496442216040138,
    "h\u00f8vedsmand": 5.399580676787549,
    "simeon": 5.399580676787549,
    "fort\u00e6llinge": 5.399580676787549,
    "korsf\u00e6ste": 5.3671591990951715,
    "gr\u00e6de": 5.319853484316815,
    "j\u00f8d": 5.27404979470369,
    "lid": 5.27404979470369,
    "jeriko": 5.27404979470369,
    "knytte": 5.174514121152776,
    "opfylde": 5.148518912619831,
    "koste": 5.1365462709537555,
    "pr\u00e6g": 5.122046701258641,
    "spedalsk": 5.104124793261378,
    "bekendelse": 5.084225235823673,
    "beredee": 5.081404716761295,
    "kristus": 5.077208060238716,
    "imidlertid": 5.0516573733672425,
    "blik": 5.011015388869896,
    "skare": 5.011015388869896,
    "s\u00e5re": 4.993941875510955,
    "simon": 4.9521216998163275,
    "discipel": 4.9466878137657,
    "genf\u00f8de": 4.814618176066393,
    "forst\u00e5s": 4.814618176066393,
    "e": 4.814618176066393,
    "\u00e6gte": 4.814618176066393,
    "tilmed": 4.814618176066393,
    "enfoldig": 4.814618176066393,
    "vant": 4.814618176066393,
    "johanne": 4.759476621873932,
    "undre": 4.754675635610111,
    "lykkelig": 4.689087293982534,
    "foruds\u00e6tning": 4.689087293982534,
    "straks": 4.689087293982534,
    "forf\u00e6ngelighed": 4.689087293982534,
    "vandring": 4.689087293982534,
    "tilh\u00f8re": 4.689087293982534,
    "\u00e5benbaree": 4.689087293982534,
    "hindring": 4.689087293982534,
    "selvf\u00f8lgelig": 4.689087293982534,
    "peter": 4.669187736544829,
    "hyrde": 4.630193604928966,
    "f\u00f8lge": 4.621973098123997
  }
}