{
  "Indre Mission": {
    "ford\u00f8mmelsee": 7.264976873130658,
    "genf\u00f8de": 6.833997829982793,
    "oprejst": 6.747062193211512,
    "arving": 6.693820171934533,
    "bind": 6.596958632681943,
    "begrave": 6.596958632681943,
    "udsende": 6.355950533178149,
    "sendebud": 6.355950533178149,
    "trov\u00e6rdig": 6.249035329261637,
    "dybde": 6.208393344764291,
    "sindelag": 6.108857671213377,
    "hengive": 6.011996131960788,
    "modtagelse": 5.986000923427843,
    "kilde": 5.968927410068901,
    "overg\u00e5": 5.968927410068901,
    "stadf\u00e6ste": 5.886465249876929,
    "lem": 5.886465249876928,
    "ef": 5.808462737875655,
    "midtpunkt": 5.770988032456993,
    "hemmelighed": 5.687156441653522,
    "indsigt": 5.664072828540481,
    "sukke": 5.664072828540481,
    "fuldbyrde": 5.664072828540481,
    "dyrebar": 5.596958632681943,
    "fil": 5.596958632681943,
    "besvare": 5.596958632681943,
    "fremstille": 5.564537154989567,
    "magte": 5.507953626623199,
    "forening": 5.471427750598085,
    "tvinge": 5.471427750598085,
    "v\u00e6rne": 5.471427750598085,
    "d\u00f8de": 5.459455108932009,
    "tilegne": 5.412534061544516,
    "forvandle": 5.393425238596811,
    "led": 5.383964909347745,
    "helligg\u00f8relse": 5.383964909347745,
    "uforskyldt": 5.383964909347745,
    "korsf\u00e6ste": 5.374566211345496,
    "retf\u00e6rdigg\u00f8relse": 5.37189207704717,
    "sammenh\u00e6ng": 5.361803259423587,
    "enb\u00e5rne": 5.355950533178149,
    "hensynsl\u00f8s": 5.355950533178149,
    "flyde": 5.355950533178149,
    "tilf\u00e6ldig": 5.355950533178149,
    "r\u00e5dighed": 5.33392422684815,
    "opstanden": 5.319424657153035,
    "overvinde": 5.319424657153035,
    "esajas": 5.249035329261637,
    "opstand": 5.249035329261637,
    "forbandelse": 5.249035329261637
  },
  "Kirkeligt Samfund": {
    "herske": 6.50839281853693,
    "sejre": 6.438003490645532,
    "opstand": 6.368462557392455,
    "nederlag": 6.286000397200483,
    "palmes\u00f8ndag": 6.170523179780546,
    "blik": 6.022965991366688,
    "oprejst": 5.870962897921639,
    "korsf\u00e6ste": 5.838541420229261,
    "genf\u00f8de": 5.826568778563185,
    "vogte": 5.826568778563185,
    "drikke": 5.771427224370725,
    "vintr\u00e6": 5.701037896479327,
    "falden": 5.701037896479326,
    "ovenfra": 5.653732181700969,
    "udvej": 5.58556067905939,
    "n\u00f8dvendighed": 5.58556067905939,
    "p\u00e5ske": 5.575507014395467,
    "ansvar": 5.531112895037014,
    "konge": 5.497504502394194,
    "pr\u00e6diken": 5.478645475142878,
    "sejr": 5.4688644543502924,
    "d\u00f8de": 5.42801940207291,
    "opstod": 5.4115312792843415,
    "hedensk": 5.4115312792843415,
    "e": 5.4115312792843415,
    "skille": 5.360000978644259,
    "s\u00e6r": 5.286000397200483,
    "opstanden": 5.286000397200483,
    "indenfor": 5.286000397200483,
    "hindring": 5.286000397200483,
    "vidne": 5.258519660778375,
    "tone": 5.215611069309085,
    "frelst": 5.198537555950143,
    "direkte": 5.11607539575817,
    "skabning": 5.11607539575817,
    "h\u00f8jre": 5.11607539575817,
    "bekendelse": 5.096175838320465,
    "lyse": 5.089603184396979,
    "bane": 5.084366536030831,
    "barmhjertig": 5.084366536030831,
    "jesus": 5.077208060238716,
    "underl\u00e6gge": 5.063607975864034,
    "p\u00e5sken": 5.063607975864034,
    "skrive": 5.063607975864034,
    "h\u00e6ve": 5.063607975864034,
    "samaritan": 5.038072883756897,
    "drive": 5.038072883756897,
    "vinde": 5.032243804954699,
    "klare": 4.996493780005498,
    "een": 4.988319848559797
  }
}