{
  "Indre Mission": {
    "hensynsl\u00f8s": 7.86207118938603,
    "lovl\u00f8shed": 7.475048066276782,
    "indbyrdes": 7.362838562690757,
    "st\u00f8rrest": 7.252655644940334,
    "kilde": 7.127124762856475,
    "gr\u00e6nsel\u00f8s": 7.103079288889824,
    "egenk\u00e6rlighed": 7.054716267328425,
    "dybde": 6.977548406805965,
    "bevis": 6.755155985469517,
    "hensyn": 6.522495228679242,
    "kold": 6.459700101943346,
    "k\u00e6rlighed": 6.308355923805886,
    "foretage": 6.2957243668322205,
    "iver": 6.170193484748361,
    "mangfoldig": 6.170193484748361,
    "lovprisning": 6.170193484748361,
    "skille": 6.142179108578764,
    "guddommelig": 6.054716267328425,
    "v\u00e6rkbruden": 6.054716267328425,
    "medmenneske": 6.054716267328425,
    "bevise": 6.018190391303311,
    "renhed": 5.98962123910654,
    "udslag": 5.977548406805965,
    "praktisk": 5.907159078914567,
    "bunds": 5.907159078914567,
    "salve": 5.907159078914567,
    "respektere": 5.8806868675533766,
    "b": 5.8806868675533766,
    "\u00e6resyge": 5.8806868675533766,
    "skildring": 5.8806868675533766,
    "\u00e6gte": 5.86763071472793,
    "efesus": 5.807623405363652,
    "elske": 5.789921403630194,
    "forandre": 5.755155985469518,
    "handling": 5.755155985469518,
    "tvinge": 5.755155985469518,
    "bede\u00f8mme": 5.755155985469517,
    "male": 5.755155985469517,
    "str\u00e6be": 5.755155985469517,
    "forbarme": 5.755155985469517,
    "fjendeskab": 5.755155985469517,
    "uendelig": 5.71562762128288,
    "drive": 5.667693144219178,
    "overg\u00e5": 5.667693144219178,
    "tryghed": 5.639678768049581,
    "just": 5.5535221242998665,
    "betragtning": 5.532763564133069,
    "sandt": 5.532763564133069,
    "kultur": 5.532763564133069,
    "kendetegn": 5.507228472025932
  },
  "Kirkeligt Samfund": {
    "lydighed": 6.922541685178569,
    "t\u00e5le": 6.437114858008328,
    "inderlig": 6.337579184457413,
    "underfuld": 6.337579184457413,
    "m\u00e6gtig": 6.2444697800659315,
    "k\u00e6rlighed": 6.234485691493309,
    "k\u00e6rlig": 6.222101967037477,
    "befaling": 6.157006938815592,
    "skyldig": 6.115186763120965,
    "allesammen": 6.115186763120965,
    "svigte": 6.115186763120965,
    "fryd": 6.048072567262428,
    "kostelig": 6.048072567262428,
    "tilgive": 5.968345374791694,
    "fuldkommenn": 5.968345374791694,
    "herske": 5.92254168517857,
    "elske": 5.90148006965074,
    "l\u00f8gn": 5.807064467758633,
    "flod": 5.807064467758633,
    "fuldt": 5.785038161428634,
    "\u00e5benbaree": 5.752616683736257,
    "tillid": 5.7298966072361734,
    "almagt": 5.720907824008918,
    "forholde": 5.700149263842121,
    "afh\u00e6ngig": 5.700149263842121,
    "hvormed": 5.674614171734984,
    "skille": 5.674614171734984,
    "ofree": 5.600613590291207,
    "hvorp\u00e5": 5.600613590291207,
    "bero": 5.530224262399809,
    "blev": 5.507504185899726,
    "frimodig": 5.507504185899726,
    "beholde": 5.4631100665412715,
    "enhed": 5.4631100665412715,
    "g\u00e5de": 5.4631100665412715,
    "f\u00f8de": 5.430688588848895,
    "gemmme": 5.398979729121557,
    "forg\u00e5": 5.398979729121557,
    "sk\u00f8nt": 5.3782211689547585,
    "bevise": 5.337579184457413,
    "mennesker": 5.337579184457413,
    "allermest": 5.337579184457413,
    "f\u00f8lelse": 5.337579184457413,
    "overg\u00e5": 5.337579184457413,
    "h\u00e5rde": 5.337579184457413,
    "dybere": 5.337579184457413,
    "skabning": 5.337579184457413,
    "slukke": 5.25957667245614,
    "kold": 5.222101967037477,
    "alm\u00e6gtig": 5.222101967037477
  }
}