{
  "Indre Mission": {
    "ofre": 5.7407289148342375,
    "uomvendt": 5.619422618612104,
    "troende": 5.459618218760309,
    "tilregne": 5.451222297639252,
    "\u00e6ngste": 5.432606619471906,
    "kendes": 5.387091960219537,
    "herred\u00f8mme": 5.325691415555394,
    "stakkels": 5.325691415555394,
    "ensom": 5.325691415555394,
    "udg\u00e5": 5.325691415555394,
    "ethvert": 5.266797726501825,
    "givene": 5.2382285743050545,
    "tim": 5.2261557420044795,
    "overfladisk": 5.2261557420044795,
    "begribe": 5.2261557420044795,
    "levened": 5.210214198135457,
    "handel": 5.188187891805459,
    "jesusnavn": 5.188187891805459,
    "\u00e6ndre": 5.188187891805459,
    "stolt": 5.188187891805459,
    "b\u00e6ve": 5.1557664141130815,
    "moderne": 5.1412668444179666,
    "afh\u00e6nge": 5.103298994218946,
    "forandre": 5.103298994218945,
    "fornuft": 5.077763902111808,
    "afslutte": 5.0626570097216,
    "vorherre": 5.0626570097216,
    "bilde": 5.045583496362658,
    "syndig": 5.045583496362658,
    "\u00f8\u00e5": 5.003763320668031,
    "s\u00e5dan": 5.003763320668031,
    "naturlig": 5.003763320668031,
    "omvendt": 4.985841412670769,
    "hovmod": 4.981737014338032,
    "ligefrem": 4.972054460940693,
    "s\u00e5dann": 4.972054460940693,
    "pande": 4.947179792301664,
    "bestemmelse": 4.947179792301664,
    "afl\u00e6gge": 4.927142039065119,
    "foragt": 4.91065391627655,
    "indflydelse": 4.885118824169412,
    "sk\u00f8n": 4.885118824169412,
    "syndserkendelse": 4.885118824169412,
    "nedbryde": 4.866259796918096,
    "behage": 4.866259796918096,
    "sammenh\u00e6nge": 4.866259796918096,
    "fortabt": 4.856206132254173,
    "forbandelse": 4.840264588385152,
    "spor": 4.830926723805816,
    "tilbyde": 4.823191075026211
  },
  "Kirkeligt Samfund": {
    "n\u00f8dvendigvis": 5.985866144168024,
    "had": 5.734804380000306,
    "smule": 5.6232960647833155,
    "slem": 5.5384071671968025,
    "udg\u00e5": 5.275372761363009,
    "": 5.275372761363009,
    "fortjene": 5.1598955439430725,
    "bestemte": 5.1598955439430725,
    "plan": 5.123369667917959,
    "interesse": 5.073738900193359,
    "moralsk": 5.052980340026561,
    "ilde": 5.0529803400265605,
    "enest\u00e5ende": 5.0529803400265605,
    "allermest": 5.012338355529215,
    "ansvar": 4.979916877836838,
    "rive": 4.953444666475646,
    "ethvert": 4.927449457942702,
    "n\u00f8dt": 4.896861138109279,
    "men": 4.815941142725712,
    "alvorlig": 4.815941142725712,
    "oven": 4.815941142725712,
    "testamente": 4.789945934192767,
    "vis": 4.789945934192767,
    "l\u00f8s": 4.789945934192767,
    "gr\u00e6de": 4.7806080696134305,
    "s\u00e6d": 4.751810805305996,
    "bedere": 4.751810805305996,
    "naturlig": 4.72283173833423,
    "binde": 4.710588142579483,
    "n\u00f8dvendig": 4.690410260641853,
    "dreje": 4.690410260641853,
    "fortvivle": 4.690410260641853,
    "hindring": 4.690410260641853,
    "f\u00f8lelse": 4.690410260641853,
    "almindelig": 4.690410260641853,
    "m\u00e6ngde": 4.690410260641853,
    "pr\u00e6ge": 4.690410260641853,
    "st\u00f8rre": 4.690410260641853,
    "findes": 4.647341538749967,
    "bestemt": 4.637942840747717,
    "\u00e6gte": 4.6232960647833155,
    "skygge": 4.6232960647833155,
    "fors\u00f8g": 4.61240774864058,
    "vige": 4.574933043221916,
    "v\u00e6rdighed": 4.574933043221916,
    "forekomme": 4.574933043221916,
    "sl\u00e6gt": 4.567553512856319,
    "tr\u00e6": 4.549547724802003,
    "selvf\u00f8lgelig": 4.5384071671968025,
    "sv\u00e6r": 4.520485259199541
  }
}