{
  "Indre Mission": {
    "uforskyldt": 7.817644907538832,
    "genl\u00f8sning": 7.661404821207311,
    "glip": 7.143556516344693,
    "virkning": 7.033373598594269,
    "str\u00f8m": 6.687877032568503,
    "tilegne": 6.476980250069884,
    "forg\u00e6ves": 6.316195902484041,
    "hovmod": 6.076442320486155,
    "yde": 6.076442320486155,
    "julegl\u00e6de": 6.076442320486155,
    "kingo": 6.076442320486155,
    "\u00f8se": 6.044020842793778,
    "n\u00e5de": 5.952985766640155,
    "arvelod": 5.950911438402296,
    "v\u00e6lde": 5.911383074215659,
    "virkelighed": 5.848549720772619,
    "undre": 5.780986436959984,
    "betingelse": 5.749277577232646,
    "behov": 5.728519017065849,
    "tilbud": 5.702983924958711,
    "d\u00e5b": 5.68593922832701,
    "godhed": 5.658129689174451,
    "klang": 5.628983343514935,
    "julenat": 5.628983343514934,
    "taknemlighed": 5.628983343514934,
    "smule": 5.628983343514934,
    "lovsang": 5.608519240955219,
    "modtage": 5.574535559492557,
    "nazareth": 5.535873939123452,
    "hunger": 5.535873939123452,
    "tak": 5.532768028255631,
    "vrede": 5.517952031126191,
    "fremg\u00e5": 5.491479819764999,
    "n\u00f8jsomhed": 5.491479819764999,
    "husholder": 5.491479819764999,
    "evindelig": 5.491479819764999,
    "jesusnavn": 5.491479819764999,
    "henvende": 5.491479819764999,
    "s\u00e6rligt": 5.491479819764999,
    "opfordring": 5.491479819764999,
    "gift": 5.491479819764999,
    "dybe": 5.448411097873113,
    "bar": 5.448411097873113,
    "angre": 5.427349482345283,
    "mer": 5.36594893768114,
    "ving\u00e5rd": 5.36594893768114,
    "bet\u00e6nke": 5.36594893768114,
    "g\u00e5de": 5.36594893768114,
    "fortid": 5.36594893768114,
    "lag": 5.36594893768114
  },
  "Kirkeligt Samfund": {
    "g\u00e6ld": 7.189846528390591,
    "blid": 6.508022488416846,
    "v\u00e6rdighed": 6.267014388913052,
    "bero": 5.9901741835542275,
    "str\u00e6be": 5.92305998769569,
    "rimelighed": 5.92305998769569,
    "dom": 5.884240738805161,
    "frelst": 5.879991265803804,
    "n\u00e5de": 5.858929650275974,
    "n\u00e5dig": 5.858929650275974,
    "n\u00e6rhed": 5.797529105611831,
    "afmagt": 5.797529105611831,
    "tillige": 5.719526593610558,
    "skylde": 5.682051888191895,
    "retf\u00e6rdighed": 5.6497754851681385,
    "barmhjertighed": 5.645526012166782,
    "samfund": 5.60990210243606,
    "sk\u00e6nke": 5.595895244442181,
    "p\u00e5skemorge": 5.575136684275384,
    "begreb": 5.575136684275384,
    "erkende": 5.575136684275384,
    "br\u00e6nde": 5.575136684275384,
    "henvise": 5.575136684275384,
    "fange": 5.443892150997131,
    "helvede": 5.443892150997131,
    "overvinde": 5.443892150997131,
    "forladelse": 5.421662203613665,
    "godhed": 5.4052116828330705,
    "mindste": 5.382491606332987,
    "skifte": 5.382491606332987,
    "h\u00f8ste": 5.338097486974534,
    "tilgivelse": 5.312102278441589,
    "stadf\u00e6ste": 5.295028765082648,
    "nederlag": 5.267014388913052,
    "fejl": 5.267014388913052,
    "sol": 5.235650218003716,
    "sommer": 5.212566604890675,
    "modtage": 5.212566604890675,
    "ansvar": 5.212566604890675,
    "ving\u00e5rd": 5.212566604890675,
    "fremfor": 5.212566604890675,
    "\u00e5benbaree": 5.212566604890675,
    "tjener": 5.173038240704037,
    "f\u00e5e": 5.167478715362137,
    "ondt": 5.134564092889402,
    "n\u00e6rv\u00e6rende": 5.134564092889402,
    "kristenliv": 5.134564092889402,
    "vold": 5.1094731119265715,
    "hvorp\u00e5": 5.060563511445625,
    "m\u00f8des": 4.9901741835542275
  }
}