{
  "paaske\u00f8sten": 13.201551050115924,
  "deler": 13.201551050115924,
  "kuldegys": 13.201551050115924,
  "indg\u00e5ende": 13.201551050115924,
  "lykkedebat": 13.201551050115924,
  "leget\u00f8jst\u00f8jbutik": 13.201551050115924,
  "tr\u00e6ngsels": 13.201551050115924,
  "tr\u00e6sabel": 13.201551050115924,
  "engler\u00f8st": 13.201551050115924,
  "uer": 13.201551050115924,
  "foraarstid": 13.201551050115924,
  "efter\u00e5r": 13.201551050115924,
  "styrken": 13.201551050115924,
  "merregn": 13.201551050115924,
  "svangr": 12.201551050115924,
  "udregning": 12.201551050115924,
  "richardt": 12.201551050115924,
  "for\u00e5r": 12.201551050115924,
  "sp\u00e5": 12.201551050115924,
  "vaad": 12.201551050115924,
  "skeden": 12.201551050115924,
  "dio": 12.201551050115924,
  "druer": 11.616588549394768,
  "k\u00f8lig": 11.616588549394768,
  "meren": 11.616588549394768,
  "arbejdsdag": 11.616588549394768,
  "d\u00e6mpe": 11.39419612805832,
  "pryde": 11.201551050115924,
  "klager": 11.201551050115924,
  "gr\u00f8n": 11.201551050115924,
  "skaar": 11.201551050115924,
  "stilstand": 11.201551050115924,
  "gudsordets": 11.201551050115924,
  "lune": 11.201551050115924,
  "march": 11.201551050115924,
  "efteraar": 11.201551050115924,
  "t\u00f8": 11.201551050115924,
  "undervejs": 10.979158628779476,
  "gr\u00f8nnes": 10.879622955228562,
  "blomste": 10.879622955228562,
  "gr\u00f8nne": 10.879622955228562,
  "besv\u00e6rlig": 10.879622955228562,
  "liflig": 10.742119431478628,
  "bie": 10.616588549394768,
  "kornet": 10.616588549394768,
  "modn": 10.616588549394768,
  "blid": 10.39419612805832,
  "sne": 10.39419612805832,
  "forj\u00e6ttelsen": 10.39419612805832,
  "vildfarelse": 10.201551050115924
}