{
  "Indre Mission": {
    "sold": 7.59948327113769,
    "tilregne": 7.413070146906809,
    "sone": 7.0505000675221,
    "bespottelse": 6.828107646185653,
    "v\u00e6k": 6.647535400543831,
    "usigelig": 6.519985350823321,
    "v\u00e6rre": 6.495532307098782,
    "beg\u00e5e": 6.413070146906809,
    "overbevise": 6.385589410484702,
    "betaling": 6.297592929486873,
    "straf": 6.275566623156874,
    "sn\u00e6ver": 6.1651426334632236,
    "ford\u00f8mmelsee": 6.091142052019446,
    "satans": 6.091142052019446,
    "afsl\u00f8re": 6.04383633724109,
    "omgive": 6.034558523653079,
    "overtr\u00e6delsee": 6.020752724128049,
    "anger": 6.020752724128049,
    "gift": 5.9536385282695115,
    "angribe": 5.9536385282695115,
    "eva": 5.9536385282695115,
    "frafald": 5.927643319736567,
    "angre": 5.889508190849796,
    "urenhed": 5.828107646185653,
    "overtr\u00e6delse": 5.828107646185653,
    "skyldner": 5.828107646185653,
    "forl\u00f8se": 5.828107646185653,
    "straffee": 5.828107646185653,
    "sammenh\u00e6ng": 5.810405644452193,
    "lunkenhed": 5.712630428765717,
    "elendighed": 5.712630428765717,
    "skaffe": 5.712630428765717,
    "verdslighed": 5.712630428765717,
    "synd": 5.710484093074689,
    "rense": 5.707813412467941,
    "rod": 5.702576764101794,
    "h\u00f8ste": 5.676104552740602,
    "arme": 5.647535400543831,
    "hebr": 5.647535400543831,
    "hade": 5.635462568243257,
    "forbandelse": 5.605715224849205,
    "folkenes": 5.605715224849205,
    "t\u00e5g": 5.565073240351859,
    "sodoma": 5.565073240351859,
    "\u00f8jn": 5.5386010289906675,
    "udslette": 5.5386010289906675,
    "sammenh\u00e6nge": 5.5386010289906675,
    "hengive": 5.5386010289906675,
    "ulydighed": 5.5386010289906675,
    "betale": 5.523253064657232
  },
  "Kirkeligt Samfund": {
    "fryde": 7.614419389816237,
    "sygdom": 7.407968512348811,
    "opfatte": 7.2444697800659315,
    "d\u00e6kke": 7.092466686620882,
    "begreb": 7.022077358729484,
    "overvinde": 6.7912971519003165,
    "endog": 6.700149263842121,
    "blid": 6.6330350679835846,
    "synde": 6.507504185899726,
    "henseende": 6.507504185899725,
    "moralsk": 6.437114858008328,
    "ensomhed": 6.392026968479789,
    "s\u00f8d": 6.285111764563277,
    "indr\u00f8mme": 6.25957667245614,
    "f\u00e6llesskab": 6.185576091012363,
    "tilgive": 6.138270376234006,
    "d\u00f8d": 6.098490474248652,
    "skjule": 6.092466686620882,
    "frig\u00f8re": 6.092466686620882,
    "trods": 6.0612479560101615,
    "oplyse": 6.048072567262428,
    "h\u00e5rdt": 6.048072567262428,
    "vant": 6.048072567262428,
    "fremmest": 5.983942229842713,
    "forr\u00e5de": 5.922541685178569,
    "afgrund": 5.922541685178569,
    "forme": 5.922541685178569,
    "synd": 5.897450704215738,
    "byrde": 5.844539173177296,
    "overbevise": 5.844539173177296,
    "ondt": 5.844539173177296,
    "menneskehjerte": 5.770538591733519,
    "pine": 5.770538591733519,
    "lide": 5.752616683736257,
    "udtrykke": 5.700149263842121,
    "form": 5.700149263842121,
    "samvittighed": 5.700149263842121,
    "k\u00e5r": 5.700149263842121,
    "b\u00e5nd": 5.700149263842121,
    "synlig": 5.700149263842121,
    "oprejse": 5.6330350679835846,
    "fuldt": 5.6330350679835846,
    "handling": 5.6330350679835846,
    "indbydelse": 5.600613590291206,
    "fange": 5.568904730563869,
    "forlade": 5.537877834943244,
    "frygt": 5.525651532609984,
    "zak\u00e6us": 5.507504185899725,
    "medens": 5.507504185899725,
    "bevidsthed": 5.507504185899725
  }
}