{
  "Indre Mission": {
    "retf\u00e6rdigg\u00f8relse": 6.177309694477252,
    "behage": 5.847161092784921,
    "fastholde": 5.798798071223522,
    "husholder": 5.740245888868409,
    "rokke": 5.721630210701062,
    "p\u00e5kalde": 5.624768671448473,
    "smitte": 5.624768671448473,
    "undere": 5.606152993281126,
    "d\u00f8bt": 5.606152993281126,
    "enb\u00e5rne": 5.606152993281126,
    "st\u00f8rrest": 5.5816999495565875,
    "vished": 5.4992377893646145,
    "abraham": 5.499237789364614,
    "trosliv": 5.499237789364614,
    "retf\u00e6rdigg\u00f8re": 5.421235277363341,
    "hebr": 5.411774948114275,
    "kilde": 5.411774948114275,
    "overbevisning": 5.361734265614679,
    "ligetil": 5.361734265614679,
    "under": 5.3439595638867035,
    "underfuld": 5.318665543722793,
    "skamme": 5.301298411752705,
    "ide": 5.276845368028166,
    "bebrejde": 5.251310275921028,
    "hverdag": 5.251310275921028,
    "tilkomme": 5.23620338353082,
    "tro": 5.225080474974669,
    "st\u00f8rre": 5.177309694477252,
    "overfladisk": 5.177309694477252,
    "tvivle": 5.151314485944307,
    "yderst": 5.151314485944307,
    "blik": 5.145600834749914,
    "skjult": 5.136667709979906,
    "styrke": 5.134240972585365,
    "spil": 5.1207261661108845,
    "erkl\u00e6re": 5.1207261661108845,
    "flyde": 5.1207261661108845,
    "lyve": 5.1207261661108845,
    "uforskyldt": 5.112214666255367,
    "oprejse": 5.07039449056074,
    "fortjeneste": 5.066278382088508,
    "tilregne": 5.039806170727317,
    "se": 5.039806170727317,
    "hengive": 5.039806170727317,
    "genl\u00f8sning": 5.039806170727317,
    "forvej": 5.0138109621943725,
    "n\u00f8dvendighed": 5.0138109621943725,
    "alle": 5.0138109621943725,
    "embedsmand": 5.0138109621943725,
    "lydighed": 5.003280294702202
  },
  "Kirkeligt Samfund": {
    "anden": 6.414873207989461,
    "vantro": 6.338924354756163,
    "vished": 6.229006662678127,
    "h\u00f8vedsmand": 6.062356793268676,
    "overbevise": 5.925937595042081,
    "bevis": 5.907078567790765,
    "forr\u00e5de": 5.714433489848369,
    "forholde": 5.714433489848369,
    "uretf\u00e6rdig": 5.6269706485980295,
    "opstanden": 5.58890260776451,
    "trygt": 5.576929966098434,
    "st\u00e5r": 5.562430396403319,
    "bekende": 5.504980124219419,
    "tro": 5.485446564842253,
    "forklare": 5.451399084014575,
    "underfuld": 5.451399084014575,
    "alm\u00e6gtig": 5.3359218665946395,
    "tillid": 5.299395990569526,
    "v\u00e6rk": 5.299395990569526,
    "forf\u00e6rde": 5.255001871211071,
    "hige": 5.255001871211071,
    "h\u00e5be": 5.240502301515956,
    "imidlertid": 5.229006662678127,
    "opstand": 5.211933149319186,
    "mennesker": 5.1294709891272126,
    "lid": 5.1294709891272126,
    "styrke": 5.09972364573316,
    "tak": 5.092945113102099,
    "findes": 5.086402267235327,
    "vinde": 5.0821652743488555,
    "frimodighed": 5.062356793268676,
    "timelig": 5.013993771707277,
    "lydig": 5.013993771707277,
    "udlevere": 5.013993771707277,
    "overvinde": 4.99822645584896,
    "evne": 4.977467895682163,
    "forf\u00e6rdelig": 4.977467895682163,
    "personlig": 4.977467895682163,
    "evangelisk": 4.948898743485392,
    "an": 4.936825911184817,
    "allesammen": 4.907078567790765,
    "forts\u00e6tte": 4.907078567790765,
    "br\u00e6nde": 4.907078567790765,
    "hindre": 4.907078567790765,
    "disciple": 4.866436583293419,
    "som": 4.860284356311824,
    "sidst": 4.856452494720797,
    "lette": 4.839964371932228,
    "vant": 4.839964371932228,
    "\u00e5bn": 4.839964371932228
  }
}