{
  "Indre Mission": {
    "fyrste": 6.957326123790138,
    "skik": 6.600469695599824,
    "kaos": 6.436493960488698,
    "forg\u00e5": 6.426440295824775,
    "gerne": 6.1734595546549045,
    "skikke": 6.069954978901044,
    "fjendeskab": 6.047928672571046,
    "givene": 6.030855159212104,
    "falden": 5.870390487018858,
    "r\u00f8ste": 5.851531459767542,
    "modtagelse": 5.825536251234597,
    "spotte": 5.7703946970421365,
    "usynlig": 5.726000577683683,
    "forf\u00e6rdelse": 5.726000577683683,
    "n\u00f8de": 5.632891173292201,
    "erkl\u00e6re": 5.6105233602637465,
    "beg\u00e6r": 5.573997484238633,
    "lam": 5.558890591848424,
    "lovl\u00f8shed": 5.545428332041862,
    "kendskab": 5.5036081563472345,
    "forberede": 5.5036081563472345,
    "rolig": 5.5036081563472345,
    "religion": 5.5036081563472345,
    "modstand": 5.4744618106877185,
    "had": 5.4744618106877185,
    "fremme": 5.462966171849889,
    "lokke": 5.462966171849889,
    "lovsynge": 5.436493960488698,
    "synlig": 5.436493960488698,
    "sive": 5.436493960488698,
    "s\u00f8g": 5.436493960488698,
    "blodig": 5.436493960488698,
    "julegl\u00e6de": 5.436493960488698,
    "\u00f8se": 5.4040724827963205,
    "n\u00e6rv\u00e6rende": 5.4040724827963205,
    "indvie": 5.384963659848616,
    "betegne": 5.384963659848616,
    "kendes": 5.372363623068982,
    "verden": 5.317608392046851,
    "le": 5.310963078404839,
    "ude": 5.310963078404839,
    "urolig": 5.310963078404839,
    "undergang": 5.310963078404839,
    "lovprisning": 5.310963078404839,
    "bjerget": 5.310963078404839,
    "storhed": 5.310963078404839,
    "forsoning": 5.240573750513441,
    "trov\u00e6rdig": 5.240573750513441,
    "skue": 5.195485860984903,
    "verdslighed": 5.195485860984903
  },
  "Kirkeligt Samfund": {
    "l\u00e6nke": 6.0467809870142215,
    "f\u00f8dsel": 5.949919447761633,
    "tilf\u00e6ldighed": 5.89838914712155,
    "frimodig": 5.824388565677774,
    "urokkelig": 5.686885041927838,
    "briste": 5.686885041927838,
    "skyldes": 5.686885041927838,
    "salt": 5.5613541598439795,
    "fyrste": 5.5613541598439795,
    "magte": 5.502460470790411,
    "hjemme": 5.485586652226015,
    "legeme": 5.425839189187498,
    "verden": 5.391816407106419,
    "forsage": 5.383815974291792,
    "slukke": 5.383815974291792,
    "n\u00f8dvendigvis": 5.3649569470404765,
    "t\u00e5le": 5.338961738507532,
    "\u00e5bne": 5.329623873928195,
    "skinne": 5.27690077037528,
    "tr\u00e6ldom": 5.239426064956618,
    "m\u00f8des": 5.239426064956618,
    "engel": 5.196357343064732,
    "forarge": 5.17231186909808,
    "m\u00e6gtig": 5.146316660565136,
    "had": 5.146316660565136,
    "retf\u00e6rdighed": 5.133492620207552,
    "forvej": 5.123948847536681,
    "n\u00f8dvendighed": 5.123948847536681,
    "fuldkommenn": 5.118119768734484,
    "sans": 5.108181531678365,
    "ondskab": 5.087422971511567,
    "s\u00e5re": 5.0588538193147965,
    "gentage": 5.0588538193147965,
    "betale": 5.0467809870142215,
    "r\u00e5de": 5.04011725673321,
    "gr\u00e6nse": 5.01703364362017,
    "penge": 5.017033643620169,
    "forkr\u00e6nkelighed": 5.017033643620169,
    "synlig": 5.017033643620169,
    "valg": 5.017033643620169,
    "d\u00f8v": 5.017033643620169,
    "dj\u00e6vel": 4.98485323787102,
    "religion": 4.976391659122823,
    "\u00e5benbaree": 4.976391659122823,
    "stolt": 4.949919447761633,
    "frugte": 4.949919447761633,
    "v\u00e6ldig": 4.949919447761633,
    "l\u00f8gn": 4.931303769594286,
    "tr\u00e6ngsel": 4.917497970069255,
    "utro": 4.89838914712155
  }
}