{
  "Indre Mission": {
    "bes\u00e6tte": 7.589956789928791,
    "vejledning": 7.4119584879507965,
    "fryde": 7.335142890899966,
    "tilskynde": 7.242033486508484,
    "barnek\u00e5r": 7.242033486508484,
    "bespottelse": 7.142497812957569,
    "skole": 7.104529962758549,
    "s\u00f8nderknust": 7.104529962758549,
    "drive": 7.047655441341632,
    "enhed": 6.952526869313499,
    "vejlede": 6.782601867871187,
    "pinseedag": 6.657070985787328,
    "uddrive": 6.657070985787328,
    "opdragelse": 6.657070985787328,
    "\u00e5nd": 6.414214461891165,
    "fylde": 6.401341380576768,
    "ford\u00f8mmelsee": 6.335142890899966,
    "k\u00f8d": 6.258521609297053,
    "hertil": 6.242033486508484,
    "tilskyndelse": 6.242033486508484,
    "afslutte": 6.242033486508484,
    "arving": 6.242033486508484,
    "bide": 6.242033486508484,
    "bede": 6.090030393063434,
    "kristenliv": 6.090030393063434,
    "fuldbyrde": 6.019641065172036,
    "pinse": 6.019641065172036,
    "uudsigelig": 6.019641065172036,
    "sv\u00e6rd": 5.994105973064898,
    "klarhed": 5.994105973064898,
    "oph\u00f8je": 5.872799676842765,
    "menneskehed": 5.82699598722964,
    "tilregne": 5.782601867871187,
    "br\u00e6ndende": 5.782601867871187,
    "helligdom": 5.782601867871187,
    "ideal": 5.782601867871187,
    "fyrste": 5.718471530451471,
    "beg\u00e6ring": 5.705980586268274,
    "overbevise": 5.684038033387597,
    "forh\u00e6rde": 5.657070985787328,
    "bede\u00f8mme": 5.657070985787328,
    "hilse": 5.657070985787328,
    "tugte": 5.657070985787328,
    "male": 5.657070985787328,
    "brand": 5.657070985787327,
    "redskab": 5.657070985787327,
    "tugt": 5.657070985787327,
    "forvente": 5.657070985787327,
    "gal": 5.579068473786054,
    "\u00e5ndeligt": 5.579068473786054
  },
  "Kirkeligt Samfund": {
    "tilbede": 7.858681743231651,
    "sans": 7.242010382783157,
    "pinse": 6.891103220924029,
    "forene": 6.76557233884017,
    "due": 6.76557233884017,
    "betro": 6.678109497589831,
    "redskab": 6.650095121420234,
    "drive": 6.517644825396585,
    "\u00e5nd": 6.487587591540405,
    "dommer": 6.3061407202028725,
    "evangelist": 6.3061407202028725,
    "del": 6.3061407202028725,
    "trygt": 6.3061407202028725,
    "\u00e5benbaring": 6.3061407202028725,
    "f\u00f8dsel": 6.3061407202028725,
    "klarhed": 6.263071998310987,
    "virke": 6.215375256279691,
    "befri": 6.028606744673964,
    "pr\u00e6diken": 5.958217416782566,
    "betegne": 5.958217416782566,
    "just": 5.958217416782566,
    "mund": 5.958217416782566,
    "bero": 5.958217416782566,
    "fornuft": 5.958217416782566,
    "legeme": 5.907591343712598,
    "pinseedag": 5.891103220924029,
    "v\u00e6kke": 5.891103220924029,
    "f\u00f8de": 5.858681743231651,
    "ild": 5.826972883504314,
    "opstanden": 5.76557233884017,
    "storm": 5.76557233884017,
    "frelst": 5.678109497589831,
    "modtage": 5.595647337397858,
    "sprog": 5.595647337397858,
    "hellig\u00e5nd": 5.5823505147844,
    "pinsee": 5.563938477670519,
    "flok": 5.517644825396585,
    "forsage": 5.517644825396585,
    "hellig": 5.5068380704400015,
    "sandhed": 5.471658620122404,
    "hvorp\u00e5": 5.443644243952808,
    "n\u00e6gte": 5.443644243952808,
    "evne": 5.443644243952807,
    "bo": 5.443644243952807,
    "korsf\u00e6ste": 5.443644243952807,
    "kraft": 5.432589055443811,
    "menighed": 5.429969307055731,
    "vand": 5.415075091756036,
    "oprejsning": 5.408020334222086,
    "\u00e5nde": 5.37325491606141
  }
}